Burden|tt5314450
7 Days in Entebbe|tt5466186
Nobody's Fool|tt8097306
The Trump Prophecy|tt8235296
Aapla Manus|tt7867076
Speed Kills|tt6749318
Accident Man|tt6237612
Alive|tt7611352
Like Father|tt7170950
Final Score|tt5254610
The Other Side of the Wind|tt0069049
The Tree of Blood|tt6433832
The Con is On|tt4685806
Bent|tt2237324
Followed|tt5563782
Unthinkable|tt2606314
Hearts Beat Loud|tt7158430
Eva|tt6414890
White Orchid|tt3313182
Kickboxer: Retaliation|tt5208950
Brian Banks|tt3920820
Black '47|tt3208026
Fast Color|tt6418778
Paul, Apostle of Christ|tt7388562
Aniara|tt7589524
Gloria Bell|tt6902696
My Foolish Heart|tt5462464
Journal 64|tt6916362
In Darkness|tt5164184
Blaze|tt6443294
The Farm|tt7959500
Wildling|tt5085924
Patient Zero|tt3458254
Long Day's Journey Into Night|tt8185182
SuperFly|tt7690670
Gonjiam: Haunted Asylum|tt8119752
At First Light|tt5994166
Sir|tt7142506
Malicious|tt6197494
Puzzle|tt6933454
Time Freak|tt6769280
The Photographer of Mauthausen|tt6704776
I Still See You|tt2160105
Teen Titans GO! to the Movies|tt7424200
Never Goin' Back|tt7690016
The Quake|tt6523720
A-X-L|tt5709188
Irreplaceable You|tt6119856
Return of the Hero|tt7064498
Alex Strangelove|tt5688996
Mia and the White Lion|tt4844148
All Is True|tt9206798
My Hero Academia: Two Heroes|tt7745068
Beyond White Space|tt1977094
Where Hands Touch|tt1235187
Breaking In|tt7137846
211|tt4976192
Teen Spirit|tt6483364
Support the Girls|tt6859352
Piercing|tt6516314
The Kindergarten Teacher|tt6952960
En aff�re|tt7248144
I Think We're Alone Now|tt6169694
An Evening with Beverly Luff Linn|tt6518270
Occupation|tt6774786
Next Gen|tt7133686
The White Crow|tt5460858
The Etruscan Smile|tt5459382
Hell Is Where the Home Is|tt7284202
Happy as Lazzaro|tt6752992
Holiday|tt7328154
Un homme press�|tt6948326
Girls with Balls|tt4725842
Blue Night|tt6069162
Loro|tt10182822
Genius|tt7722258
Wij|tt6671244
The Princess Switch|tt8954732
Legal Action|tt7656570
Dude|tt3458510
Transit|tt6675244
Perdida|tt7841496
Lust Stories|tt8439854
The Grizzlies|tt6365796
Zoo|tt7624934
Rojo|tt8956390
7 Guardians of the Tomb|tt4915672
Race 3|tt7431594
Giant Little Ones|tt4481066
Looking Glass|tt6083648
Traffik|tt5670152
Nekrotronic|tt7453418
Da hong zha|tt4743226
Eerie|tt8723216
The Negotiation|tt6904272
Daddy's Girl|tt1662546
Await Further Instructions|tt4971408
Stree|tt8108202
Primal Rage: The Legend of Konga|tt5688868
Benjamin|tt7455076
Backstabbing for Beginners|tt5153288
Mission of Honor|tt7515456
UFO|tt6290798
The Emperor of Paris|tt7025976
Distorted|tt6143850
Onyx: Kings of the Grail|tt7628846
Dog Days|tt7365604
Pad Man|tt7218518
Rampant|tt6927152
The Scorpion King: Book of Souls|tt7338690
My Best Friend|tt6400166
Why Don't You Just Die!|tt7672068
Benji|tt1799516
The Head Hunter|tt6469548
Dry Martina|tt6312802
Back Roads|tt0972544
Head Full of Honey|tt5836706
An Elephant Sitting Still|tt8020896
October|tt7700730
The Wedding Guest|tt7645780
Bleach|tt5979872
Only You|tt7531138
The Dark|tt6832388
Pimp|tt3107166
Birds of Passage|tt6386748
Farming|tt1127881
2036 Origin Unknown|tt4575328
A Dark Place|tt5936866
14 Cameras|tt7476438
Mirai|tt6900448
Arizona|tt2140629
Zero|tt6527426
A Kid Like Jake|tt6884200
Thugs of Hindostan|tt5970844
Buttons, A New Musical Film|tt9248032
Office Uprising|tt6251024
Donnybrook|tt7087210
Family Blood|tt7895904
What They Had|tt6662736
Swinging Safari|tt5473090
Badhaai Ho|tt7725596
Social Animals|tt5639898
Sobibor|tt6324614
Batman: Gotham by Gaslight|tt7167630
Monsters and Men|tt7689906
River Runs Red|tt5843780
Swiped|tt4867110
Samson|tt6951892
The Amityville Murders|tt6984258
Hippopotamus|tt7120602
The Toybox|tt6053472
Wild Honey Pie!|tt7253190
Love Jacked|tt4329242
The Oath|tt7461200
